Name,Gender,BirthYear,Phone,UserImg,LastLogin,IsAdmin,CreatedAt,UpdatedAt,AccountEmail
Kinny MacKenzie,Male,2018,1136758192,default-user-image.png,2021-04-18T14:18:42Z,false,2021-05-10T23:21:55Z,2024-06-29T18:56:32Z,kmackenzie0@smugmug.com
Rhoda Walters,Female,2009,5994041570,default-user-image.png,2021-07-17T17:47:00Z,true,2022-10-29T08:09:07Z,2023-05-17T08:08:50Z,rwalters1@domainmarket.com
Hunt Pierri,Genderqueer,2018,7216973404,default-user-image.png,2020-08-25T01:19:48Z,true,2021-08-31T11:36:20Z,2023-12-29T16:22:42Z,hpierri2@baidu.com
Rudiger Clementi,Male,2010,3336263679,default-user-image.png,2021-09-03T19:45:22Z,true,2021-01-10T12:42:48Z,2023-10-31T12:54:43Z,rclementi3@feedburner.com
Regen Garioch,Male,2016,7779059431,default-user-image.png,2024-02-17T12:27:34Z,true,2021-01-20T16:32:42Z,2023-05-05T16:22:18Z,rgarioch4@dailymotion.com
Alys Cofax,Female,2003,1338793048,default-user-image.png,2024-07-13T05:14:46Z,false,2020-04-11T15:59:50Z,2024-02-17T07:53:31Z,acofax5@feedburner.com
Tiffany Trevain,Female,2011,3446082576,default-user-image.png,2020-04-03T01:21:58Z,true,2021-01-25T19:25:02Z,2024-07-08T07:47:46Z,ttrevain6@washingtonpost.com
Joelynn Ballingal,Female,2012,4876897625,default-user-image.png,2023-06-11T07:20:12Z,true,2022-11-21T03:35:23Z,2023-11-19T10:35:07Z,jballingal7@goo.gl
Belle Nudds,Female,2005,9541896563,default-user-image.png,2022-07-20T22:36:22Z,true,2021-09-07T05:09:07Z,2023-10-31T16:48:37Z,bnudds8@macromedia.com
Giustino Hotton,Male,1999,3001420705,default-user-image.png,2023-09-04T23:36:48Z,true,2020-11-21T23:32:19Z,2024-04-30T21:26:23Z,ghotton9@wordpress.org
Jonell Kroin,Female,2013,4198396789,default-user-image.png,2023-09-27T14:56:05Z,false,2020-08-04T15:07:49Z,2024-03-19T16:45:20Z,jkroina@istockphoto.com
Blondelle Cockshtt,Bigender,2018,3039391749,default-user-image.png,2023-03-06T11:07:13Z,true,2020-07-15T13:36:13Z,2024-04-08T14:57:22Z,bcockshttb@china.com.cn
Mendy Bevis,Male,2015,2251461808,default-user-image.png,2023-11-09T14:04:15Z,true,2020-11-16T10:28:29Z,2024-05-01T17:02:01Z,mbevisc@oracle.com
Lorrin Farleigh,Female,2017,6998969024,default-user-image.png,2023-09-08T22:29:41Z,true,2021-05-10T23:43:53Z,2024-04-22T07:44:37Z,lfarleighd@nih.gov
Madelaine Giovanitti,Genderqueer,2011,6975997913,default-user-image.png,2021-01-10T03:42:14Z,false,2021-08-18T11:41:09Z,2024-03-16T02:37:26Z,mgiovanittie@csmonitor.com
Moore Pemberton,Male,2005,3472787928,default-user-image.png,2023-01-06T11:24:01Z,true,2021-03-22T15:27:19Z,2023-09-02T13:27:37Z,mpembertonf@marriott.com
Collin Flaxman,Male,2003,8402970728,default-user-image.png,2022-11-23T07:29:35Z,false,2022-03-29T23:08:55Z,2023-03-26T11:13:39Z,cflaxmang@plala.or.jp
Essa Basso,Female,2017,7684722345,default-user-image.png,2021-09-21T07:38:33Z,true,2022-08-08T01:55:12Z,2023-04-04T22:56:44Z,ebassoh@boston.com
Hanni Chastel,Female,2010,8006226232,default-user-image.png,2024-01-28T17:15:07Z,true,2022-04-11T00:13:37Z,2024-03-14T07:35:09Z,hchasteli@bing.com
Karlotte Benoey,Female,2019,8328287231,default-user-image.png,2020-09-03T13:22:37Z,true,2021-05-03T10:24:24Z,2023-04-06T01:45:00Z,kbenoeyj@ucsd.edu
Tamera Asple,Female,2009,7182356020,default-user-image.png,2023-07-08T21:11:57Z,false,2022-05-02T16:29:12Z,2023-06-12T05:26:13Z,tasplek@bigcartel.com
Brier Gotter,Female,2010,7788520969,default-user-image.png,2022-06-28T00:30:24Z,true,2021-06-03T07:59:15Z,2023-10-15T23:26:16Z,bgotterl@tumblr.com
Harriott Splevins,Genderqueer,2006,3678498872,default-user-image.png,2022-03-27T21:23:12Z,false,2021-05-07T20:20:57Z,2023-07-22T03:56:18Z,hsplevinsm@purevolume.com
Fonzie Edgar,Male,2000,3541582443,default-user-image.png,2024-07-03T05:16:55Z,false,2021-11-14T10:25:17Z,2023-02-16T17:06:21Z,fedgarn@prweb.com
Herschel Bakesef,Male,2019,4659818998,default-user-image.png,2023-12-06T20:53:08Z,false,2021-01-02T22:07:32Z,2024-03-05T11:58:52Z,hbakesefo@howstuffworks.com
Shayne Furley,Female,2019,6981320737,default-user-image.png,2024-03-14T09:57:35Z,false,2020-02-19T16:44:35Z,2023-05-03T14:51:46Z,sfurleyp@mediafire.com
Adeline Tubby,Female,2018,4724785541,default-user-image.png,2023-04-11T14:30:58Z,false,2021-07-20T07:34:24Z,2023-12-06T17:37:41Z,atubbyq@tinypic.com
Richardo Ranahan,Male,2008,1713379354,default-user-image.png,2021-06-26T00:45:03Z,true,2020-02-24T15:43:49Z,2023-03-21T01:54:12Z,rranahanr@gnu.org
Carlie Hawkeswood,Female,2000,1786326332,default-user-image.png,2021-06-17T08:21:11Z,true,2020-11-02T04:07:03Z,2024-04-17T09:01:38Z,chawkeswoods@spiegel.de
Phaedra Bruyns,Female,2019,3938991981,default-user-image.png,2020-05-24T01:16:25Z,true,2021-03-14T16:58:22Z,2023-03-27T03:34:23Z,pbruynst@oaic.gov.au
